Isolate,Env_Color,Geo_Color,clade_col
ERR1007500,#33a02c,#a6cee3,#841e5a
ERR1007501,#33a02c,#a6cee3,#841e5a
ERR1036024,#cab2d6,#a6cee3,#841e5a
SRR14024953,#33a02c,#e36951,#841e5a
SRR14022736,#cab2d6,#e36951,#841e5a
ERR1036025,#cab2d6,#a6cee3,#841e5a
ERR984987,#cab2d6,#a6cee3,#841e5a
ERR985123,#cab2d6,#a6cee3,#841e5a
ERR985068,#cab2d6,#a6cee3,#841e5a
ERR987519,#cab2d6,#a6cee3,#841e5a
ERR985080,#cab2d6,#a6cee3,#841e5a
ERR987508,#cab2d6,#a6cee3,#841e5a
ERR987526,#cab2d6,#a6cee3,#841e5a
ERR985117,#cab2d6,#a6cee3,#841e5a
ERR985120,#cab2d6,#a6cee3,#841e5a
ERR1069046,#cab2d6,#a6cee3,#841e5a
ERR987602,#cab2d6,#a6cee3,#841e5a
ERR374683,#e31a1c,#a6cee3,#841e5a
ERR374697,#e31a1c,#a6cee3,#841e5a
ERR375015,#e31a1c,#a6cee3,#841e5a
ERR375031,#e31a1c,#a6cee3,#841e5a
ERR374724,#e31a1c,#a6cee3,#841e5a
ERR375143,#e31a1c,#a6cee3,#841e5a
ERR374944,#e31a1c,#a6cee3,#841e5a
ERR375494,#e31a1c,#a6cee3,#841e5a
ERR375030,#e31a1c,#a6cee3,#841e5a
ERR374753,#e31a1c,#a6cee3,#841e5a
ERR375079,#e31a1c,#a6cee3,#841e5a
ERR375135,#e31a1c,#a6cee3,#841e5a
ERR374919,#e31a1c,#a6cee3,#841e5a
ERR375195,#e31a1c,#a6cee3,#841e5a
ERR369997,#e31a1c,#a6cee3,#841e5a
ERR985043,#cab2d6,#a6cee3,#841e5a
ERR985047,#cab2d6,#a6cee3,#841e5a
ERR985130,#cab2d6,#a6cee3,#841e5a
ERR985102,#cab2d6,#a6cee3,#841e5a
ERR985045,#cab2d6,#a6cee3,#841e5a
ERR375162,#e31a1c,#a6cee3,#841e5a
ERR374987,#e31a1c,#a6cee3,#841e5a
ERR985074,#cab2d6,#a6cee3,#841e5a
ERR985133,#cab2d6,#a6cee3,#841e5a
SRR14026545,#e31a1c,#e36951,#841e5a
ERR375170,#e31a1c,#a6cee3,#841e5a
ERR374776,#e31a1c,#a6cee3,#841e5a
ERR375076,#e31a1c,#a6cee3,#841e5a
ERR374977,#e31a1c,#a6cee3,#841e5a
ERR374928,#e31a1c,#a6cee3,#841e5a
ERR375412,#e31a1c,#a6cee3,#841e5a
ERR374762,#e31a1c,#a6cee3,#841e5a
ERR1036062,#cab2d6,#a6cee3,#841e5a
ERR375509,#e31a1c,#a6cee3,#841e5a
ERR374962,#e31a1c,#a6cee3,#841e5a
ERR375268,#e31a1c,#a6cee3,#841e5a
ERR1069049,#cab2d6,#a6cee3,#841e5a
ERR375480,#e31a1c,#a6cee3,#841e5a
SRR14010988,#e31a1c,#e36951,#841e5a
ERR377436,#e31a1c,#a6cee3,#841e5a
ERR375355,#e31a1c,#a6cee3,#841e5a
ERR375502,#e31a1c,#a6cee3,#841e5a
ERR985098,#cab2d6,#a6cee3,#841e5a
ERR369971,#e31a1c,#a6cee3,#841e5a
ERR370031,#e31a1c,#a6cee3,#841e5a
ERR369985,#e31a1c,#a6cee3,#841e5a
ERR375312,#e31a1c,#a6cee3,#841e5a
ERR377439,#e31a1c,#a6cee3,#841e5a
ERR369990,#e31a1c,#a6cee3,#841e5a
ERR375354,#e31a1c,#a6cee3,#841e5a
ERR375491,#e31a1c,#a6cee3,#841e5a
ERR375530,#e31a1c,#a6cee3,#841e5a
ERR370001,#e31a1c,#a6cee3,#841e5a
ERR377457,#e31a1c,#a6cee3,#841e5a
ERR388698,#e31a1c,#a6cee3,#841e5a
ERR375193,#e31a1c,#a6cee3,#841e5a
ERR375495,#e31a1c,#a6cee3,#841e5a
ERR375322,#e31a1c,#a6cee3,#841e5a
ERR375337,#e31a1c,#a6cee3,#841e5a
ERR377486,#e31a1c,#a6cee3,#841e5a
ERR985088,#cab2d6,#a6cee3,#841e5a
ERR375395,#e31a1c,#a6cee3,#841e5a
ERR375462,#e31a1c,#a6cee3,#841e5a
ERR375468,#e31a1c,#a6cee3,#841e5a
ERR375482,#e31a1c,#a6cee3,#841e5a
ERR377434,#e31a1c,#a6cee3,#841e5a
ERR370025,#e31a1c,#a6cee3,#841e5a
ERR375367,#e31a1c,#a6cee3,#841e5a
ERR375397,#e31a1c,#a6cee3,#841e5a
ERR388697,#e31a1c,#a6cee3,#841e5a
ERR375089,#e31a1c,#a6cee3,#841e5a
ERR369948,#e31a1c,#a6cee3,#841e5a
ERR375346,#e31a1c,#a6cee3,#841e5a
SRR14026510,#e31a1c,#e36951,#841e5a
SRR14010934,#e31a1c,#e36951,#841e5a
SRR14010972,#e31a1c,#e36951,#841e5a
SRR14010954,#e31a1c,#e36951,#841e5a
SRR14010978,#e31a1c,#e36951,#841e5a
SRR14010982,#e31a1c,#e36951,#841e5a
SRR14010989,#e31a1c,#e36951,#841e5a
SRR14010957,#e31a1c,#e36951,#841e5a
SRR14010991,#e31a1c,#e36951,#841e5a
SRR14011024,#e31a1c,#e36951,#841e5a
SRR14011000,#e31a1c,#e36951,#841e5a
SRR14026554,#e31a1c,#e36951,#841e5a
SRR14010975,#e31a1c,#e36951,#841e5a
SRR14011007,#e31a1c,#e36951,#841e5a
SRR14010981,#e31a1c,#e36951,#841e5a
SRR14011039,#e31a1c,#e36951,#841e5a
SRR14010949,#e31a1c,#e36951,#841e5a
SRR14010992,#e31a1c,#e36951,#841e5a
SRR14026523,#e31a1c,#e36951,#841e5a
SRR14010952,#e31a1c,#e36951,#841e5a
SRR14011044,#e31a1c,#e36951,#841e5a
SRR14011038,#e31a1c,#e36951,#841e5a
SRR14010947,#e31a1c,#e36951,#841e5a
SRR14011014,#e31a1c,#e36951,#841e5a
SRR14011015,#e31a1c,#e36951,#841e5a
SRR14010948,#e31a1c,#e36951,#841e5a
SRR14011013,#e31a1c,#e36951,#841e5a
SRR14010951,#e31a1c,#e36951,#841e5a
SRR14011004,#e31a1c,#e36951,#841e5a
SRR14010965,#e31a1c,#e36951,#841e5a
SRR14010959,#e31a1c,#e36951,#841e5a
SRR14010980,#e31a1c,#e36951,#841e5a
SRR14011021,#e31a1c,#e36951,#841e5a
SRR14010956,#e31a1c,#e36951,#841e5a
SRR14011031,#e31a1c,#e36951,#841e5a
SRR14011028,#e31a1c,#e36951,#841e5a
SRR14010958,#e31a1c,#e36951,#841e5a
SRR14011036,#e31a1c,#e36951,#841e5a
SRR14010966,#e31a1c,#e36951,#841e5a
SRR14010997,#e31a1c,#e36951,#841e5a
SRR14010941,#e31a1c,#e36951,#841e5a
SRR14010990,#e31a1c,#e36951,#841e5a
SRR14010998,#e31a1c,#e36951,#841e5a
SRR14010962,#e31a1c,#e36951,#841e5a
SRR14010999,#e31a1c,#e36951,#841e5a
SRR14011016,#e31a1c,#e36951,#841e5a
SRR14026519,#e31a1c,#e36951,#841e5a
SRR14010979,#e31a1c,#e36951,#841e5a
SRR14010995,#e31a1c,#e36951,#841e5a
SRR14011012,#e31a1c,#e36951,#841e5a
SRR14010968,#e31a1c,#e36951,#841e5a
SRR14010987,#e31a1c,#e36951,#841e5a
SRR14011043,#e31a1c,#e36951,#841e5a
SRR14011027,#e31a1c,#e36951,#841e5a
SRR14026521,#e31a1c,#e36951,#841e5a
SRR14026550,#e31a1c,#e36951,#841e5a
SRR14010937,#e31a1c,#e36951,#841e5a
SRR14010963,#e31a1c,#e36951,#841e5a
SRR14011011,#e31a1c,#e36951,#841e5a
SRR14011032,#e31a1c,#e36951,#841e5a
SRR14010943,#e31a1c,#e36951,#841e5a
SRR14011006,#e31a1c,#e36951,#841e5a
SRR14011018,#e31a1c,#e36951,#841e5a
SRR14011026,#e31a1c,#e36951,#841e5a
SRR14010938,#e31a1c,#e36951,#841e5a
SRR14010960,#e31a1c,#e36951,#841e5a
SRR14010984,#e31a1c,#e36951,#841e5a
SRR14011002,#e31a1c,#e36951,#841e5a
SRR14011003,#e31a1c,#e36951,#841e5a
SRR14010967,#e31a1c,#e36951,#841e5a
SRR14011037,#e31a1c,#e36951,#841e5a
SRR14010985,#e31a1c,#e36951,#841e5a
SRR14011010,#e31a1c,#e36951,#841e5a
SRR14010993,#e31a1c,#e36951,#841e5a
SRR14011029,#e31a1c,#e36951,#841e5a
SRR14011035,#e31a1c,#e36951,#841e5a
SRR14010940,#e31a1c,#e36951,#841e5a
SRR14010939,#e31a1c,#e36951,#841e5a
SRR14011040,#e31a1c,#e36951,#841e5a
SRR14010950,#e31a1c,#e36951,#841e5a
SRR14026552,#e31a1c,#e36951,#f6c19f
SRR14011017,#e31a1c,#e36951,#841e5a
SRR14011023,#e31a1c,#e36951,#841e5a
SRR14026529,#e31a1c,#e36951,#841e5a
SRR14026534,#e31a1c,#e36951,#841e5a
SRR14026539,#e31a1c,#e36951,#841e5a
SRR14026555,#e31a1c,#e36951,#841e5a
ERR987507,#cab2d6,#a6cee3,#841e5a
SRR14026530,#e31a1c,#e36951,#841e5a
SRR14026535,#e31a1c,#e36951,#841e5a
SRR14010955,#e31a1c,#e36951,#841e5a
SRR14011005,#e31a1c,#e36951,#841e5a
SRR14010973,#e31a1c,#e36951,#841e5a
SRR14026517,#e31a1c,#e36951,#841e5a
SRR14010969,#e31a1c,#e36951,#841e5a
ERR374957,#e31a1c,#a6cee3,#841e5a
ERR1156223,#33a02c,#a6cee3,#841e5a
ERR375026,#e31a1c,#a6cee3,#841e5a
ERR374732,#e31a1c,#a6cee3,#841e5a
ERR369962,#e31a1c,#a6cee3,#841e5a
ERR369983,#e31a1c,#a6cee3,#841e5a
ERR370032,#e31a1c,#a6cee3,#841e5a
ERR388714,#e31a1c,#a6cee3,#841e5a
ERR375082,#e31a1c,#a6cee3,#841e5a
ERR375017,#e31a1c,#a6cee3,#841e5a
ERR374780,#e31a1c,#a6cee3,#841e5a
ERR374931,#e31a1c,#a6cee3,#841e5a
ERR374936,#e31a1c,#a6cee3,#841e5a
ERR375128,#e31a1c,#a6cee3,#841e5a
ERR377451,#e31a1c,#a6cee3,#841e5a
ERR375458,#e31a1c,#a6cee3,#841e5a
ERR375086,#e31a1c,#a6cee3,#841e5a
ERR374777,#e31a1c,#a6cee3,#841e5a
ERR375152,#e31a1c,#a6cee3,#841e5a
ERR375106,#e31a1c,#a6cee3,#841e5a
ERR374671,#e31a1c,#a6cee3,#841e5a
ERR374682,#e31a1c,#a6cee3,#841e5a
ERR374838,#e31a1c,#a6cee3,#841e5a
ERR374941,#e31a1c,#a6cee3,#841e5a
ERR374714,#e31a1c,#a6cee3,#841e5a
ERR375053,#e31a1c,#a6cee3,#841e5a
ERR375049,#e31a1c,#a6cee3,#841e5a
ERR375006,#e31a1c,#a6cee3,#841e5a
ERR374681,#e31a1c,#a6cee3,#841e5a
ERR374911,#e31a1c,#a6cee3,#841e5a
ERR374812,#e31a1c,#a6cee3,#841e5a
ERR374873,#e31a1c,#a6cee3,#841e5a
ERR375021,#e31a1c,#a6cee3,#841e5a
ERR375163,#e31a1c,#a6cee3,#841e5a
ERR375165,#e31a1c,#a6cee3,#841e5a
ERR374791,#e31a1c,#a6cee3,#841e5a
ERR375008,#e31a1c,#a6cee3,#841e5a
ERR375168,#e31a1c,#a6cee3,#841e5a
ERR375122,#e31a1c,#a6cee3,#841e5a
ERR1036028,#cab2d6,#a6cee3,#841e5a
ERR985118,#cab2d6,#a6cee3,#841e5a
ERR1036060,#cab2d6,#a6cee3,#841e5a
ERR374806,#e31a1c,#a6cee3,#841e5a
ERR375380,#e31a1c,#a6cee3,#841e5a
ERR984990,#cab2d6,#a6cee3,#841e5a
ERR377469,#e31a1c,#a6cee3,#841e5a
ERR388701,#e31a1c,#a6cee3,#841e5a
ERR987516,#cab2d6,#a6cee3,#841e5a
SRR14026515,#e31a1c,#e36951,#841e5a
SRR14026551,#e31a1c,#e36951,#841e5a
ERR985026,#cab2d6,#a6cee3,#841e5a
ERR985035,#cab2d6,#a6cee3,#841e5a
ERR987586,#cab2d6,#a6cee3,#841e5a
ERR987593,#cab2d6,#a6cee3,#841e5a
ERR374922,#e31a1c,#a6cee3,#841e5a
ERR375039,#e31a1c,#a6cee3,#841e5a
ERR374920,#e31a1c,#a6cee3,#841e5a
ERR375215,#e31a1c,#a6cee3,#841e5a
ERR375177,#e31a1c,#a6cee3,#841e5a
ERR388703,#e31a1c,#a6cee3,#841e5a
ERR375305,#e31a1c,#a6cee3,#841e5a
ERR375422,#e31a1c,#a6cee3,#841e5a
ERR377443,#e31a1c,#a6cee3,#841e5a
ERR374693,#e31a1c,#a6cee3,#841e5a
ERR375238,#e31a1c,#a6cee3,#841e5a
ERR375136,#e31a1c,#a6cee3,#841e5a
ERR388694,#e31a1c,#a6cee3,#841e5a
ERR374696,#e31a1c,#a6cee3,#841e5a
ERR374978,#e31a1c,#a6cee3,#841e5a
ERR375406,#e31a1c,#a6cee3,#841e5a
ERR375476,#e31a1c,#a6cee3,#841e5a
ERR375542,#e31a1c,#a6cee3,#841e5a
ERR377468,#e31a1c,#a6cee3,#841e5a
ERR388702,#e31a1c,#a6cee3,#841e5a
ERR375284,#e31a1c,#a6cee3,#841e5a
ERR375358,#e31a1c,#a6cee3,#841e5a
ERR377478,#e31a1c,#a6cee3,#841e5a
ERR377510,#e31a1c,#a6cee3,#841e5a
ERR375145,#e31a1c,#a6cee3,#841e5a
ERR985065,#cab2d6,#a6cee3,#841e5a
ERR374701,#e31a1c,#a6cee3,#841e5a
SRR14010945,#e31a1c,#e36951,#841e5a
SRR14010994,#e31a1c,#e36951,#841e5a
SRR14011009,#e31a1c,#e36951,#841e5a
SRR14011034,#e31a1c,#e36951,#841e5a
SRR14010996,#e31a1c,#e36951,#841e5a
SRR14011033,#e31a1c,#e36951,#841e5a
ERR375209,#e31a1c,#a6cee3,#841e5a
ERR375544,#e31a1c,#a6cee3,#841e5a
ERR985064,#cab2d6,#a6cee3,#841e5a
ERR985113,#cab2d6,#a6cee3,#841e5a
ERR985128,#cab2d6,#a6cee3,#841e5a
ERR374727,#e31a1c,#a6cee3,#841e5a
ERR375107,#e31a1c,#a6cee3,#841e5a
ERR374916,#e31a1c,#a6cee3,#841e5a
ERR375005,#e31a1c,#a6cee3,#841e5a
ERR375427,#e31a1c,#a6cee3,#841e5a
ERR1036058,#cab2d6,#a6cee3,#841e5a
ERR985001,#cab2d6,#a6cee3,#841e5a
ERR987509,#cab2d6,#a6cee3,#841e5a
ERR984984,#cab2d6,#a6cee3,#841e5a
ERR985109,#cab2d6,#a6cee3,#841e5a
ERR985121,#cab2d6,#a6cee3,#841e5a
ERR985111,#cab2d6,#a6cee3,#841e5a
ERR1036061,#cab2d6,#a6cee3,#841e5a
ERR987544,#cab2d6,#a6cee3,#841e5a
ERR987541,#cab2d6,#a6cee3,#841e5a
ERR369974,#e31a1c,#a6cee3,#841e5a
ERR375488,#e31a1c,#a6cee3,#841e5a
ERR377477,#e31a1c,#a6cee3,#841e5a
ERR369999,#e31a1c,#a6cee3,#841e5a
ERR377442,#e31a1c,#a6cee3,#841e5a
ERR375522,#e31a1c,#a6cee3,#841e5a
ERR375538,#e31a1c,#a6cee3,#841e5a
ERR370000,#e31a1c,#a6cee3,#841e5a
ERR377433,#e31a1c,#a6cee3,#841e5a
ERR370011,#e31a1c,#a6cee3,#841e5a
ERR369993,#e31a1c,#a6cee3,#841e5a
ERR374793,#e31a1c,#a6cee3,#841e5a
ERR375353,#e31a1c,#a6cee3,#841e5a
ERR375446,#e31a1c,#a6cee3,#841e5a
ERR374925,#e31a1c,#a6cee3,#841e5a
ERR374828,#e31a1c,#a6cee3,#841e5a
ERR375090,#e31a1c,#a6cee3,#841e5a
ERR375092,#e31a1c,#a6cee3,#841e5a
ERR374835,#e31a1c,#a6cee3,#841e5a
ERR375077,#e31a1c,#a6cee3,#841e5a
ERR375389,#e31a1c,#a6cee3,#841e5a
ERR987629,#cab2d6,#a6cee3,#841e5a
ERR374952,#e31a1c,#a6cee3,#841e5a
ERR374990,#e31a1c,#a6cee3,#841e5a
ERR374746,#e31a1c,#a6cee3,#841e5a
ERR377430,#e31a1c,#a6cee3,#841e5a
ERR374813,#e31a1c,#a6cee3,#841e5a
ERR374914,#e31a1c,#a6cee3,#841e5a
ERR375174,#e31a1c,#a6cee3,#841e5a
ERR369945,#e31a1c,#a6cee3,#841e5a
ERR375514,#e31a1c,#a6cee3,#841e5a
ERR377497,#e31a1c,#a6cee3,#841e5a
ERR369972,#e31a1c,#a6cee3,#841e5a
ERR375409,#e31a1c,#a6cee3,#841e5a
ERR370023,#e31a1c,#a6cee3,#841e5a
ERR985089,#cab2d6,#a6cee3,#841e5a
ERR375481,#e31a1c,#a6cee3,#841e5a
ERR377458,#e31a1c,#a6cee3,#841e5a
ERR375335,#e31a1c,#a6cee3,#841e5a
ERR375556,#e31a1c,#a6cee3,#841e5a
ERR377437,#e31a1c,#a6cee3,#841e5a
ERR374675,#e31a1c,#a6cee3,#841e5a
ERR987601,#cab2d6,#a6cee3,#841e5a
ERR375085,#e31a1c,#a6cee3,#841e5a
ERR370029,#e31a1c,#a6cee3,#841e5a
ERR388717,#e31a1c,#a6cee3,#841e5a
ERR377474,#e31a1c,#a6cee3,#841e5a
ERR377465,#e31a1c,#a6cee3,#841e5a
ERR375027,#e31a1c,#a6cee3,#841e5a
ERR375360,#e31a1c,#a6cee3,#841e5a
ERR987527,#cab2d6,#a6cee3,#841e5a
ERR375318,#e31a1c,#a6cee3,#841e5a
ERR377425,#e31a1c,#a6cee3,#841e5a
ERR377483,#e31a1c,#a6cee3,#841e5a
ERR984977,#cab2d6,#a6cee3,#841e5a
ERR374686,#e31a1c,#a6cee3,#841e5a
ERR375330,#e31a1c,#a6cee3,#841e5a
ERR375496,#e31a1c,#a6cee3,#841e5a
ERR375498,#e31a1c,#a6cee3,#841e5a
ERR375334,#e31a1c,#a6cee3,#841e5a
ERR377440,#e31a1c,#a6cee3,#841e5a
ERR375483,#e31a1c,#a6cee3,#841e5a
ERR375529,#e31a1c,#a6cee3,#841e5a
ERR377444,#e31a1c,#a6cee3,#841e5a
ERR374718,#e31a1c,#a6cee3,#841e5a
ERR374725,#e31a1c,#a6cee3,#841e5a
ERR374986,#e31a1c,#a6cee3,#841e5a
ERR374787,#e31a1c,#a6cee3,#841e5a
ERR375024,#e31a1c,#a6cee3,#841e5a
ERR374836,#e31a1c,#a6cee3,#841e5a
ERR375270,#e31a1c,#a6cee3,#841e5a
ERR375001,#e31a1c,#a6cee3,#841e5a
ERR374743,#e31a1c,#a6cee3,#841e5a
ERR375071,#e31a1c,#a6cee3,#841e5a
ERR375083,#e31a1c,#a6cee3,#841e5a
ERR375161,#e31a1c,#a6cee3,#841e5a
ERR375040,#e31a1c,#a6cee3,#841e5a
ERR375060,#e31a1c,#a6cee3,#841e5a
ERR375003,#e31a1c,#a6cee3,#841e5a
ERR388696,#e31a1c,#a6cee3,#841e5a
ERR1036037,#cab2d6,#a6cee3,#841e5a
ERR987545,#cab2d6,#a6cee3,#841e5a
ERR377501,#e31a1c,#a6cee3,#841e5a
ERR987543,#cab2d6,#a6cee3,#841e5a
ERR377438,#e31a1c,#a6cee3,#841e5a
ERR987564,#cab2d6,#a6cee3,#841e5a
ERR377484,#e31a1c,#a6cee3,#841e5a
ERR370005,#e31a1c,#a6cee3,#841e5a
ERR375316,#e31a1c,#a6cee3,#841e5a
ERR375371,#e31a1c,#a6cee3,#841e5a
ERR375515,#e31a1c,#a6cee3,#841e5a
ERR388723,#e31a1c,#a6cee3,#841e5a
ERR388724,#e31a1c,#a6cee3,#841e5a
ERR369966,#e31a1c,#a6cee3,#841e5a
ERR374991,#e31a1c,#a6cee3,#841e5a
ERR369981,#e31a1c,#a6cee3,#841e5a
ERR375431,#e31a1c,#a6cee3,#841e5a
ERR374735,#e31a1c,#a6cee3,#841e5a
ERR374959,#e31a1c,#a6cee3,#841e5a
ERR375093,#e31a1c,#a6cee3,#841e5a
ERR375287,#e31a1c,#a6cee3,#841e5a
ERR369944,#e31a1c,#a6cee3,#841e5a
ERR375051,#e31a1c,#a6cee3,#841e5a
ERR369992,#e31a1c,#a6cee3,#841e5a
ERR375361,#e31a1c,#a6cee3,#841e5a
ERR377494,#e31a1c,#a6cee3,#841e5a
ERR374752,#e31a1c,#a6cee3,#841e5a
ERR377454,#e31a1c,#a6cee3,#841e5a
ERR377481,#e31a1c,#a6cee3,#841e5a
ERR374821,#e31a1c,#a6cee3,#841e5a
ERR374940,#e31a1c,#a6cee3,#841e5a
ERR375129,#e31a1c,#a6cee3,#841e5a
ERR369995,#e31a1c,#a6cee3,#841e5a
ERR374979,#e31a1c,#a6cee3,#841e5a
ERR375042,#e31a1c,#a6cee3,#841e5a
ERR370018,#e31a1c,#a6cee3,#841e5a
ERR985007,#cab2d6,#a6cee3,#841e5a
ERR374723,#e31a1c,#a6cee3,#841e5a
ERR374927,#e31a1c,#a6cee3,#841e5a
ERR375097,#e31a1c,#a6cee3,#841e5a
ERR375133,#e31a1c,#a6cee3,#841e5a
ERR370033,#e31a1c,#a6cee3,#841e5a
ERR375392,#e31a1c,#a6cee3,#841e5a
ERR377446,#e31a1c,#a6cee3,#841e5a
ERR984980,#cab2d6,#a6cee3,#841e5a
ERR987627,#cab2d6,#a6cee3,#841e5a
ERR374685,#e31a1c,#a6cee3,#841e5a
ERR374982,#e31a1c,#a6cee3,#841e5a
ERR375137,#e31a1c,#a6cee3,#841e5a
ERR374995,#e31a1c,#a6cee3,#841e5a
ERR375394,#e31a1c,#a6cee3,#841e5a
ERR375160,#e31a1c,#a6cee3,#841e5a
ERR374972,#e31a1c,#a6cee3,#841e5a
ERR374694,#e31a1c,#a6cee3,#841e5a
ERR374921,#e31a1c,#a6cee3,#841e5a
ERR374820,#e31a1c,#a6cee3,#841e5a
ERR374663,#e31a1c,#a6cee3,#841e5a
ERR374774,#e31a1c,#a6cee3,#841e5a
ERR374933,#e31a1c,#a6cee3,#841e5a
ERR375070,#e31a1c,#a6cee3,#841e5a
ERR388688,#e31a1c,#a6cee3,#841e5a
ERR374760,#e31a1c,#a6cee3,#841e5a
ERR374968,#e31a1c,#a6cee3,#841e5a
ERR375365,#e31a1c,#a6cee3,#841e5a
ERR987585,#cab2d6,#a6cee3,#841e5a
ERR375066,#e31a1c,#a6cee3,#841e5a
ERR375014,#e31a1c,#a6cee3,#841e5a
ERR375056,#e31a1c,#a6cee3,#841e5a
ERR374824,#e31a1c,#a6cee3,#841e5a
ERR375046,#e31a1c,#a6cee3,#841e5a
ERR374909,#e31a1c,#a6cee3,#841e5a
ERR374963,#e31a1c,#a6cee3,#841e5a
ERR985078,#cab2d6,#a6cee3,#841e5a
SRR14010946,#e31a1c,#e36951,#841e5a
SRR14010961,#e31a1c,#e36951,#841e5a
SRR14010974,#e31a1c,#e36951,#841e5a
SRR14010983,#e31a1c,#e36951,#841e5a
SRR14026514,#e31a1c,#e36951,#841e5a
SRR14026538,#e31a1c,#e36951,#841e5a
ERR374770,#e31a1c,#a6cee3,#841e5a
ERR375154,#e31a1c,#a6cee3,#841e5a
ERR375164,#e31a1c,#a6cee3,#841e5a
ERR375448,#e31a1c,#a6cee3,#841e5a
ERR369965,#e31a1c,#a6cee3,#841e5a
ERR369980,#e31a1c,#a6cee3,#841e5a
ERR374823,#e31a1c,#a6cee3,#841e5a
ERR375246,#e31a1c,#a6cee3,#841e5a
ERR1156206,#33a02c,#a6cee3,#841e5a
ERR985006,#cab2d6,#a6cee3,#841e5a
ERR985127,#cab2d6,#a6cee3,#841e5a
ERR987520,#cab2d6,#a6cee3,#841e5a
ERR374763,#e31a1c,#a6cee3,#841e5a
ERR374958,#e31a1c,#a6cee3,#841e5a
ERR375134,#e31a1c,#a6cee3,#841e5a
ERR375120,#e31a1c,#a6cee3,#841e5a
ERR375118,#e31a1c,#a6cee3,#841e5a
ERR374969,#e31a1c,#a6cee3,#841e5a
ERR377462,#e31a1c,#a6cee3,#841e5a
ERR985090,#cab2d6,#a6cee3,#841e5a
ERR375140,#e31a1c,#a6cee3,#841e5a
ERR375002,#e31a1c,#a6cee3,#841e5a
ERR375574,#e31a1c,#a6cee3,#841e5a
ERR375579,#e31a1c,#a6cee3,#841e5a
ERR375585,#e31a1c,#a6cee3,#841e5a
ERR374842,#e31a1c,#a6cee3,#841e5a
ERR374937,#e31a1c,#a6cee3,#841e5a
ERR375218,#e31a1c,#a6cee3,#841e5a
,black,black,white
ERR374942,#e31a1c,#a6cee3,#841e5a
ERR374945,#e31a1c,#a6cee3,#841e5a
ERR375078,#e31a1c,#a6cee3,#841e5a
ERR375235,#e31a1c,#a6cee3,#841e5a
ERR375244,#e31a1c,#a6cee3,#841e5a
ERR374674,#e31a1c,#a6cee3,#841e5a
ERR375226,#e31a1c,#a6cee3,#841e5a
ERR374864,#e31a1c,#a6cee3,#841e5a
ERR374939,#e31a1c,#a6cee3,#841e5a
ERR375257,#e31a1c,#a6cee3,#841e5a
ERR374902,#e31a1c,#a6cee3,#841e5a
ERR375148,#e31a1c,#a6cee3,#841e5a
ERR375506,#e31a1c,#a6cee3,#841e5a
ERR375425,#e31a1c,#a6cee3,#841e5a
ERR375052,#e31a1c,#a6cee3,#841e5a
ERR374755,#e31a1c,#a6cee3,#841e5a
ERR375067,#e31a1c,#a6cee3,#841e5a
ERR369939,#e31a1c,#a6cee3,#841e5a
ERR374915,#e31a1c,#a6cee3,#841e5a
ERR375087,#e31a1c,#a6cee3,#841e5a
ERR374943,#e31a1c,#a6cee3,#841e5a
ERR375258,#e31a1c,#a6cee3,#841e5a
ERR374974,#e31a1c,#a6cee3,#841e5a
ERR369940,#e31a1c,#a6cee3,#841e5a
ERR374703,#e31a1c,#a6cee3,#841e5a
ERR375256,#e31a1c,#a6cee3,#841e5a
ERR375178,#e31a1c,#a6cee3,#841e5a
ERR375224,#e31a1c,#a6cee3,#841e5a
ERR374898,#e31a1c,#a6cee3,#841e5a
ERR374993,#e31a1c,#a6cee3,#841e5a
ERR369941,#e31a1c,#a6cee3,#841e5a
ERR374882,#e31a1c,#a6cee3,#841e5a
ERR375062,#e31a1c,#a6cee3,#841e5a
ERR374721,#e31a1c,#a6cee3,#841e5a
ERR388715,#e31a1c,#a6cee3,#841e5a
ERR374662,#e31a1c,#a6cee3,#841e5a
ERR375114,#e31a1c,#a6cee3,#841e5a
ERR369998,#e31a1c,#a6cee3,#841e5a
ERR370013,#e31a1c,#a6cee3,#841e5a
ERR369978,#e31a1c,#a6cee3,#841e5a
ERR370015,#e31a1c,#a6cee3,#841e5a
ERR375188,#e31a1c,#a6cee3,#841e5a
ERR377485,#e31a1c,#a6cee3,#841e5a
ERR388725,#e31a1c,#a6cee3,#841e5a
ERR370019,#e31a1c,#a6cee3,#841e5a
ERR370030,#e31a1c,#a6cee3,#841e5a
ERR375028,#e31a1c,#a6cee3,#841e5a
ERR375347,#e31a1c,#a6cee3,#841e5a
ERR388689,#e31a1c,#a6cee3,#841e5a
ERR369996,#e31a1c,#a6cee3,#841e5a
ERR375022,#e31a1c,#a6cee3,#841e5a
ERR377493,#e31a1c,#a6cee3,#841e5a
ERR374829,#e31a1c,#a6cee3,#841e5a
ERR374992,#e31a1c,#a6cee3,#841e5a
ERR375057,#e31a1c,#a6cee3,#841e5a
ERR374679,#e31a1c,#a6cee3,#841e5a
ERR375248,#e31a1c,#a6cee3,#841e5a
ERR374807,#e31a1c,#a6cee3,#841e5a
ERR374754,#e31a1c,#a6cee3,#841e5a
ERR374917,#e31a1c,#a6cee3,#841e5a
ERR375157,#e31a1c,#a6cee3,#841e5a
ERR375037,#e31a1c,#a6cee3,#841e5a
ERR375013,#e31a1c,#a6cee3,#841e5a
ERR375192,#e31a1c,#a6cee3,#841e5a
ERR374926,#e31a1c,#a6cee3,#841e5a
ERR374918,#e31a1c,#a6cee3,#841e5a
ERR375144,#e31a1c,#a6cee3,#841e5a
ERR375111,#e31a1c,#a6cee3,#841e5a
ERR375073,#e31a1c,#a6cee3,#841e5a
ERR987620,#cab2d6,#a6cee3,#841e5a
ERR1036031,#cab2d6,#a6cee3,#841e5a
ERR984983,#cab2d6,#a6cee3,#841e5a
ERR1036055,#cab2d6,#a6cee3,#841e5a
ERR985032,#cab2d6,#a6cee3,#841e5a
ERR985025,#cab2d6,#a6cee3,#841e5a
ERR987578,#cab2d6,#a6cee3,#841e5a
ERR987536,#cab2d6,#a6cee3,#841e5a
ERR987537,#cab2d6,#a6cee3,#841e5a
ERR985093,#cab2d6,#a6cee3,#841e5a
ERR984991,#cab2d6,#a6cee3,#841e5a
ERR985107,#cab2d6,#a6cee3,#841e5a
ERR985116,#cab2d6,#a6cee3,#841e5a
ERR1036038,#cab2d6,#a6cee3,#841e5a
ERR985013,#cab2d6,#a6cee3,#841e5a
ERR987650,#cab2d6,#a6cee3,#841e5a
ERR1036064,#cab2d6,#a6cee3,#841e5a
ERR985033,#cab2d6,#a6cee3,#841e5a
ERR987645,#cab2d6,#a6cee3,#841e5a
ERR987566,#cab2d6,#a6cee3,#841e5a
ERR985062,#cab2d6,#a6cee3,#841e5a
ERR985103,#cab2d6,#a6cee3,#841e5a
ERR985063,#cab2d6,#a6cee3,#841e5a
ERR1036036,#cab2d6,#a6cee3,#841e5a
ERR985091,#cab2d6,#a6cee3,#841e5a
ERR985069,#cab2d6,#a6cee3,#841e5a
ERR985082,#cab2d6,#a6cee3,#841e5a
ERR985071,#cab2d6,#a6cee3,#841e5a
ERR1036065,#cab2d6,#a6cee3,#841e5a
ERR375450,#e31a1c,#a6cee3,#841e5a
ERR987576,#cab2d6,#a6cee3,#841e5a
ERR375208,#e31a1c,#a6cee3,#841e5a
ERR375214,#e31a1c,#a6cee3,#841e5a
ERR375216,#e31a1c,#a6cee3,#841e5a
ERR984978,#cab2d6,#a6cee3,#841e5a
ERR985129,#cab2d6,#a6cee3,#841e5a
ERR984981,#cab2d6,#a6cee3,#841e5a
ERR985057,#cab2d6,#a6cee3,#841e5a
ERR985097,#cab2d6,#a6cee3,#841e5a
ERR985112,#cab2d6,#a6cee3,#841e5a
ERR1036068,#cab2d6,#a6cee3,#841e5a
ERR985008,#cab2d6,#a6cee3,#841e5a
ERR985073,#cab2d6,#a6cee3,#841e5a
ERR985075,#cab2d6,#a6cee3,#841e5a
ERR985076,#cab2d6,#a6cee3,#841e5a
ERR985119,#cab2d6,#a6cee3,#841e5a
ERR369946,#e31a1c,#a6cee3,#841e5a
ERR369967,#e31a1c,#a6cee3,#841e5a
ERR377447,#e31a1c,#a6cee3,#841e5a
ERR375219,#e31a1c,#a6cee3,#841e5a
ERR375016,#e31a1c,#a6cee3,#841e5a
ERR374879,#e31a1c,#a6cee3,#841e5a
ERR374673,#e31a1c,#a6cee3,#841e5a
ERR369982,#e31a1c,#a6cee3,#841e5a
ERR375423,#e31a1c,#a6cee3,#841e5a
ERR374689,#e31a1c,#a6cee3,#841e5a
ERR374737,#e31a1c,#a6cee3,#841e5a
ERR375250,#e31a1c,#a6cee3,#841e5a
ERR375288,#e31a1c,#a6cee3,#841e5a
ERR375437,#e31a1c,#a6cee3,#841e5a
ERR375439,#e31a1c,#a6cee3,#841e5a
ERR377479,#e31a1c,#a6cee3,#841e5a
ERR374680,#e31a1c,#a6cee3,#841e5a
ERR375413,#e31a1c,#a6cee3,#841e5a
ERR377473,#e31a1c,#a6cee3,#841e5a
ERR374784,#e31a1c,#a6cee3,#841e5a
ERR375227,#e31a1c,#a6cee3,#841e5a
ERR374698,#e31a1c,#a6cee3,#841e5a
ERR388687,#e31a1c,#a6cee3,#841e5a
ERR375286,#e31a1c,#a6cee3,#841e5a
ERR374908,#e31a1c,#a6cee3,#841e5a
ERR375050,#e31a1c,#a6cee3,#841e5a
ERR374954,#e31a1c,#a6cee3,#841e5a
ERR374885,#e31a1c,#a6cee3,#841e5a
ERR375099,#e31a1c,#a6cee3,#841e5a
ERR374899,#e31a1c,#a6cee3,#841e5a
ERR369964,#e31a1c,#a6cee3,#841e5a
ERR369969,#e31a1c,#a6cee3,#841e5a
ERR375130,#e31a1c,#a6cee3,#841e5a
ERR374947,#e31a1c,#a6cee3,#841e5a
ERR388691,#e31a1c,#a6cee3,#841e5a
ERR985039,#cab2d6,#a6cee3,#841e5a
SRR14010935,#e31a1c,#e36951,#841e5a
SRR14010942,#e31a1c,#e36951,#841e5a
SRR14010970,#e31a1c,#e36951,#841e5a
SRR14010944,#e31a1c,#e36951,#841e5a
SRR14011041,#e31a1c,#e36951,#841e5a
SRR14011025,#e31a1c,#e36951,#841e5a
SRR14011001,#e31a1c,#e36951,#841e5a
ERR375281,#e31a1c,#a6cee3,#841e5a
ERR388690,#e31a1c,#a6cee3,#841e5a
ERR375364,#e31a1c,#a6cee3,#841e5a
ERR377450,#e31a1c,#a6cee3,#841e5a
ERR377512,#e31a1c,#a6cee3,#841e5a
ERR375466,#e31a1c,#a6cee3,#841e5a
ERR985044,#cab2d6,#a6cee3,#841e5a
ERR985061,#cab2d6,#a6cee3,#841e5a
ERR1069053,#cab2d6,#a6cee3,#841e5a
ERR985012,#cab2d6,#a6cee3,#841e5a
ERR987644,#cab2d6,#a6cee3,#841e5a
ERR987523,#cab2d6,#a6cee3,#841e5a
ERR987580,#cab2d6,#a6cee3,#841e5a
ERR985024,#cab2d6,#a6cee3,#841e5a
ERR984989,#cab2d6,#a6cee3,#841e5a
ERR985014,#cab2d6,#a6cee3,#841e5a
ERR985066,#cab2d6,#a6cee3,#841e5a
ERR985030,#cab2d6,#a6cee3,#841e5a
ERR985031,#cab2d6,#a6cee3,#841e5a
ERR987590,#cab2d6,#a6cee3,#841e5a
ERR987565,#cab2d6,#a6cee3,#841e5a
ERR987575,#cab2d6,#a6cee3,#841e5a
ERR985079,#cab2d6,#a6cee3,#841e5a
ERR1036045,#cab2d6,#a6cee3,#841e5a
ERR987600,#cab2d6,#a6cee3,#841e5a
ERR375440,#e31a1c,#a6cee3,#841e5a
ERR1036056,#cab2d6,#a6cee3,#841e5a
ERR985015,#cab2d6,#a6cee3,#841e5a
ERR985023,#cab2d6,#a6cee3,#841e5a
ERR985085,#cab2d6,#a6cee3,#841e5a
ERR987514,#cab2d6,#a6cee3,#841e5a
ERR985022,#cab2d6,#a6cee3,#841e5a
ERR985094,#cab2d6,#a6cee3,#841e5a
ERR985081,#cab2d6,#a6cee3,#841e5a
ERR987651,#cab2d6,#a6cee3,#841e5a
ERR370012,#e31a1c,#a6cee3,#841e5a
ERR987640,#cab2d6,#a6cee3,#841e5a
ERR1156254,#33a02c,#a6cee3,#841e5a
ERR984996,#cab2d6,#a6cee3,#841e5a
ERR370003,#e31a1c,#a6cee3,#841e5a
SRR14026516,#e31a1c,#e36951,#841e5a
SRR14026553,#e31a1c,#e36951,#841e5a
ERR987553,#cab2d6,#a6cee3,#841e5a
ERR375497,#e31a1c,#a6cee3,#841e5a
ERR374744,#e31a1c,#a6cee3,#841e5a
ERR374923,#e31a1c,#a6cee3,#841e5a
ERR374970,#e31a1c,#a6cee3,#841e5a
ERR375041,#e31a1c,#a6cee3,#841e5a
ERR375121,#e31a1c,#a6cee3,#841e5a
ERR1036059,#cab2d6,#a6cee3,#841e5a
ERR374894,#e31a1c,#a6cee3,#841e5a
ERR370021,#e31a1c,#a6cee3,#841e5a
ERR375313,#e31a1c,#a6cee3,#841e5a
ERR375430,#e31a1c,#a6cee3,#841e5a
ERR388718,#e31a1c,#a6cee3,#841e5a
ERR375452,#e31a1c,#a6cee3,#841e5a
ERR375512,#e31a1c,#a6cee3,#841e5a
ERR375553,#e31a1c,#a6cee3,#841e5a
ERR369951,#e31a1c,#a6cee3,#841e5a
ERR374966,#e31a1c,#a6cee3,#841e5a
ERR375436,#e31a1c,#a6cee3,#841e5a
ERR374849,#e31a1c,#a6cee3,#841e5a
ERR375138,#e31a1c,#a6cee3,#841e5a
ERR375035,#e31a1c,#a6cee3,#841e5a
ERR369958,#e31a1c,#a6cee3,#841e5a
ERR375018,#e31a1c,#a6cee3,#841e5a
ERR984998,#cab2d6,#a6cee3,#841e5a
ERR375434,#e31a1c,#a6cee3,#841e5a
ERR374669,#e31a1c,#a6cee3,#841e5a
ERR374803,#e31a1c,#a6cee3,#841e5a
ERR375043,#e31a1c,#a6cee3,#841e5a
ERR375055,#e31a1c,#a6cee3,#841e5a
ERR374844,#e31a1c,#a6cee3,#841e5a
ERR374722,#e31a1c,#a6cee3,#841e5a
ERR374728,#e31a1c,#a6cee3,#841e5a
ERR375255,#e31a1c,#a6cee3,#841e5a
ERR374772,#e31a1c,#a6cee3,#841e5a
ERR374998,#e31a1c,#a6cee3,#841e5a
ERR375064,#e31a1c,#a6cee3,#841e5a
ERR374893,#e31a1c,#a6cee3,#841e5a
ERR375011,#e31a1c,#a6cee3,#841e5a
ERR374707,#e31a1c,#a6cee3,#841e5a
ERR374767,#e31a1c,#a6cee3,#841e5a
ERR374989,#e31a1c,#a6cee3,#841e5a
ERR375109,#e31a1c,#a6cee3,#841e5a
ERR375156,#e31a1c,#a6cee3,#841e5a
ERR374965,#e31a1c,#a6cee3,#841e5a
ERR370007,#e31a1c,#a6cee3,#841e5a
ERR375019,#e31a1c,#a6cee3,#841e5a
ERR374913,#e31a1c,#a6cee3,#841e5a
ERR375075,#e31a1c,#a6cee3,#841e5a
ERR374855,#e31a1c,#a6cee3,#841e5a
ERR375153,#e31a1c,#a6cee3,#841e5a
ERR374907,#e31a1c,#a6cee3,#841e5a
ERR374949,#e31a1c,#a6cee3,#841e5a
ERR374826,#e31a1c,#a6cee3,#841e5a
ERR388693,#e31a1c,#a6cee3,#841e5a
ERR374843,#e31a1c,#a6cee3,#841e5a
ERR375094,#e31a1c,#a6cee3,#841e5a
ERR374871,#e31a1c,#a6cee3,#841e5a
ERR375382,#e31a1c,#a6cee3,#841e5a
ERR374971,#e31a1c,#a6cee3,#841e5a
ERR1036070,#cab2d6,#a6cee3,#841e5a
ERR375311,#e31a1c,#a6cee3,#841e5a
ERR987605,#cab2d6,#a6cee3,#841e5a
ERR984985,#cab2d6,#a6cee3,#841e5a
ERR987511,#cab2d6,#a6cee3,#841e5a
ERR987540,#cab2d6,#a6cee3,#841e5a
ERR987521,#cab2d6,#a6cee3,#841e5a
ERR987639,#cab2d6,#a6cee3,#841e5a
ERR984997,#cab2d6,#a6cee3,#841e5a
ERR985083,#cab2d6,#a6cee3,#841e5a
ERR987515,#cab2d6,#a6cee3,#841e5a
ERR987597,#cab2d6,#a6cee3,#841e5a
ERR987626,#cab2d6,#a6cee3,#841e5a
ERR987617,#cab2d6,#a6cee3,#841e5a
ERR985034,#cab2d6,#a6cee3,#841e5a
ERR987592,#cab2d6,#a6cee3,#841e5a
ERR987615,#cab2d6,#a6cee3,#841e5a
ERR987547,#cab2d6,#a6cee3,#841e5a
ERR987551,#cab2d6,#a6cee3,#841e5a
ERR369956,#e31a1c,#a6cee3,#841e5a
ERR375473,#e31a1c,#a6cee3,#841e5a
ERR374751,#e31a1c,#a6cee3,#841e5a
ERR375241,#e31a1c,#a6cee3,#841e5a
ERR374810,#e31a1c,#a6cee3,#841e5a
ERR374832,#e31a1c,#a6cee3,#841e5a
ERR375283,#e31a1c,#a6cee3,#841e5a
ERR375033,#e31a1c,#a6cee3,#841e5a
ERR375279,#e31a1c,#a6cee3,#841e5a
ERR374867,#e31a1c,#a6cee3,#841e5a
ERR375276,#e31a1c,#a6cee3,#841e5a
ERR375229,#e31a1c,#a6cee3,#841e5a
ERR375333,#e31a1c,#a6cee3,#841e5a
ERR369954,#e31a1c,#a6cee3,#841e5a
ERR375485,#e31a1c,#a6cee3,#841e5a
ERR374769,#e31a1c,#a6cee3,#841e5a
ERR374848,#e31a1c,#a6cee3,#841e5a
ERR374938,#e31a1c,#a6cee3,#841e5a
ERR984986,#cab2d6,#a6cee3,#841e5a
ERR374912,#e31a1c,#a6cee3,#841e5a
ERR375091,#e31a1c,#a6cee3,#841e5a
ERR374883,#e31a1c,#a6cee3,#841e5a
ERR388692,#e31a1c,#a6cee3,#841e5a
ERR375105,#e31a1c,#a6cee3,#841e5a
ERR375010,#e31a1c,#a6cee3,#841e5a
ERR374804,#e31a1c,#a6cee3,#841e5a
ERR375023,#e31a1c,#a6cee3,#841e5a
ERR374811,#e31a1c,#a6cee3,#841e5a
ERR374856,#e31a1c,#a6cee3,#841e5a
ERR374930,#e31a1c,#a6cee3,#841e5a
ERR374924,#e31a1c,#a6cee3,#841e5a
ERR374929,#e31a1c,#a6cee3,#841e5a
ERR374792,#e31a1c,#a6cee3,#841e5a
ERR375063,#e31a1c,#a6cee3,#841e5a
ERR374881,#e31a1c,#a6cee3,#841e5a
ERR374783,#e31a1c,#a6cee3,#841e5a
ERR1036034,#cab2d6,#a6cee3,#841e5a
ERR375187,#e31a1c,#a6cee3,#841e5a
ERR987562,#cab2d6,#a6cee3,#841e5a
ERR987643,#cab2d6,#a6cee3,#841e5a
SRR14026542,#e31a1c,#e36951,#841e5a
ERR1100602,#33a02c,#a6cee3,#841e5a
ERR987582,#cab2d6,#a6cee3,#841e5a
ERR987606,#cab2d6,#a6cee3,#841e5a
ERR987619,#cab2d6,#a6cee3,#841e5a
ERR987598,#cab2d6,#a6cee3,#841e5a
ERR1156207,#33a02c,#a6cee3,#841e5a
ERR1156222,#33a02c,#a6cee3,#841e5a
ERR1156258,#33a02c,#a6cee3,#841e5a
ERR1036044,#cab2d6,#a6cee3,#841e5a
ERR369976,#e31a1c,#a6cee3,#841e5a
ERR375445,#e31a1c,#a6cee3,#841e5a
ERR375471,#e31a1c,#a6cee3,#841e5a
ERR374854,#e31a1c,#a6cee3,#841e5a
ERR375012,#e31a1c,#a6cee3,#841e5a
ERR375029,#e31a1c,#a6cee3,#841e5a
ERR374759,#e31a1c,#a6cee3,#841e5a
ERR374976,#e31a1c,#a6cee3,#841e5a
SRR14011008,#e31a1c,#e36951,#841e5a
ERR1036076,#cab2d6,#a6cee3,#841e5a
ERR1156221,#33a02c,#a6cee3,#841e5a
SRR14022769,#cab2d6,#e36951,#841e5a
SRR14022771,#cab2d6,#e36951,#841e5a
SRR14022782,#cab2d6,#e36951,#841e5a
SRR14026518,#e31a1c,#e36951,#841e5a
ERR1156197,#33a02c,#a6cee3,#841e5a
ERR1156231,#33a02c,#a6cee3,#841e5a
ERR985000,#cab2d6,#a6cee3,#841e5a
ERR987616,#cab2d6,#a6cee3,#841e5a
SRR14022747,#cab2d6,#e36951,#841e5a
SRR14026457,#a6cee3,#e36951,#841e5a
ERR1100607,#33a02c,#a6cee3,#841e5a
ERR987535,#cab2d6,#a6cee3,#841e5a
ERR1100639,#33a02c,#a6cee3,#841e5a
ERR984992,#cab2d6,#a6cee3,#841e5a
ERR987560,#cab2d6,#a6cee3,#841e5a
SRR14022734,#cab2d6,#e36951,#841e5a
ERR369955,#e31a1c,#a6cee3,#841e5a
ERR987587,#cab2d6,#a6cee3,#841e5a
ERR1036033,#cab2d6,#a6cee3,#841e5a
ERR1100537,#33a02c,#a6cee3,#841e5a
ERR1100539,#33a02c,#a6cee3,#841e5a
ERR1100546,#33a02c,#a6cee3,#841e5a
ERR1156228,#33a02c,#a6cee3,#841e5a
ERR375573,#e31a1c,#a6cee3,#841e5a
SRR14024986,#33a02c,#e36951,#841e5a
SRR14026440,#a6cee3,#e36951,#841e5a
SRR14024984,#33a02c,#e36951,#841e5a
SRR14025001,#33a02c,#e36951,#841e5a
SRR14026532,#1f78b4,#e36951,#841e5a
SRR14025000,#33a02c,#e36951,#841e5a
SRR14026459,#a6cee3,#e36951,#841e5a
SRR14026506,#1f78b4,#e36951,#841e5a
ERR985086,#cab2d6,#a6cee3,#841e5a
SRR14026476,#a6cee3,#e36951,#841e5a
SRR14026491,#a6cee3,#e36951,#841e5a
ERR987591,#cab2d6,#a6cee3,#841e5a
ERR375323,#e31a1c,#a6cee3,#841e5a
ERR1156312,#33a02c,#a6cee3,#841e5a
SRR14026446,#a6cee3,#e36951,#841e5a
ERR374951,#e31a1c,#a6cee3,#841e5a
ERR987642,#cab2d6,#a6cee3,#841e5a
SRR14022761,#cab2d6,#e36951,#841e5a
ERR1156186,#33a02c,#a6cee3,#841e5a
ERR377516,#e31a1c,#a6cee3,#841e5a
ERR1156209,#33a02c,#a6cee3,#841e5a
ERR985095,#cab2d6,#a6cee3,#841e5a
ERR987531,#cab2d6,#a6cee3,#841e5a
SRR14024961,#33a02c,#e36951,#841e5a
ERR1036079,#cab2d6,#a6cee3,#841e5a
ERR987534,#cab2d6,#a6cee3,#841e5a
SRR14024974,#33a02c,#e36951,#841e5a
SRR14024990,#33a02c,#e36951,#841e5a
SRR14024983,#33a02c,#e36951,#841e5a
SRR14026470,#1f78b4,#e36951,#841e5a
SRR14026497,#1f78b4,#e36951,#841e5a
ERR1156188,#33a02c,#a6cee3,#841e5a
ERR1156204,#33a02c,#a6cee3,#841e5a
ERR375583,#e31a1c,#a6cee3,#841e5a
ERR1100535,#33a02c,#a6cee3,#841e5a
ERR1100536,#33a02c,#a6cee3,#841e5a
ERR987532,#cab2d6,#a6cee3,#841e5a
ERR987533,#cab2d6,#a6cee3,#841e5a
ERR1156237,#33a02c,#a6cee3,#841e5a
SRR14026487,#a6cee3,#e36951,#841e5a
SRR14024960,#33a02c,#e36951,#841e5a
SRR14024976,#33a02c,#e36951,#841e5a
SRR14025002,#33a02c,#e36951,#841e5a
SRR14024963,#33a02c,#e36951,#841e5a
SRR14026500,#a6cee3,#e36951,#841e5a
SRR14026453,#a6cee3,#e36951,#841e5a
ERR1156242,#33a02c,#a6cee3,#841e5a
ERR1156272,#33a02c,#a6cee3,#841e5a
SRR14024972,#33a02c,#e36951,#841e5a
SRR14024978,#33a02c,#e36951,#841e5a
ERR375572,#e31a1c,#a6cee3,#841e5a
ERR1156182,#33a02c,#a6cee3,#841e5a
SRR14024967,#33a02c,#e36951,#841e5a
ERR374734,#e31a1c,#a6cee3,#841e5a
ERR987522,#cab2d6,#a6cee3,#841e5a
SRR14024980,#33a02c,#e36951,#841e5a
ERR1100538,#33a02c,#a6cee3,#841e5a
ERR987555,#cab2d6,#a6cee3,#841e5a
ERR1156203,#33a02c,#a6cee3,#841e5a
ERR375571,#e31a1c,#a6cee3,#841e5a
SRR14026495,#a6cee3,#e36951,#841e5a
ERR369957,#e31a1c,#a6cee3,#841e5a
ERR1036032,#cab2d6,#a6cee3,#841e5a
ERR1100608,#33a02c,#a6cee3,#841e5a
SRR14022755,#cab2d6,#e36951,#841e5a
ERR1100610,#33a02c,#a6cee3,#841e5a
ERR985124,#cab2d6,#a6cee3,#841e5a
SRR14024948,#33a02c,#e36951,#841e5a
SRR14024971,#33a02c,#e36951,#841e5a
ERR375376,#e31a1c,#a6cee3,#841e5a
SRR14022742,#cab2d6,#e36951,#841e5a
ERR1156183,#33a02c,#a6cee3,#841e5a
ERR984988,#cab2d6,#a6cee3,#841e5a
ERR1036075,#cab2d6,#a6cee3,#841e5a
ERR375069,#e31a1c,#a6cee3,#841e5a
ERR987631,#cab2d6,#a6cee3,#841e5a
ERR984993,#cab2d6,#a6cee3,#841e5a
SRR14022745,#cab2d6,#e36951,#841e5a
ERR987503,#cab2d6,#a6cee3,#841e5a
ERR1100530,#33a02c,#a6cee3,#841e5a
ERR987499,#cab2d6,#a6cee3,#841e5a
ERR987652,#cab2d6,#a6cee3,#841e5a
ERR987607,#cab2d6,#a6cee3,#841e5a
ERR987646,#cab2d6,#a6cee3,#841e5a
ERR985108,#cab2d6,#a6cee3,#841e5a
ERR987570,#cab2d6,#a6cee3,#841e5a
ERR985126,#cab2d6,#a6cee3,#841e5a
ERR1036042,#cab2d6,#a6cee3,#841e5a
ERR1100586,#33a02c,#a6cee3,#841e5a
ERR984976,#cab2d6,#a6cee3,#841e5a
ERR985092,#cab2d6,#a6cee3,#841e5a
SRR14022748,#cab2d6,#e36951,#841e5a
ERR987505,#cab2d6,#a6cee3,#841e5a
ERR1036057,#cab2d6,#a6cee3,#841e5a
ERR1036078,#cab2d6,#a6cee3,#841e5a
ERR1156276,#33a02c,#a6cee3,#841e5a
SRR14026463,#a6cee3,#e36951,#841e5a
ERR987594,#cab2d6,#a6cee3,#841e5a
SRR14026465,#a6cee3,#e36951,#841e5a
SRR14026488,#a6cee3,#e36951,#841e5a
SRR14026503,#a6cee3,#e36951,#841e5a
SRR14026462,#a6cee3,#e36951,#841e5a
ERR1156181,#33a02c,#a6cee3,#841e5a
ERR1156210,#33a02c,#a6cee3,#841e5a
ERR375150,#e31a1c,#a6cee3,#841e5a
SRR14024993,#33a02c,#e36951,white
SRR14026549,#1f78b4,#e36951,#841e5a
SRR14024996,#33a02c,#e36951,#841e5a
SRR14026522,#1f78b4,#e36951,#841e5a
SRR14026444,#a6cee3,#e36951,#841e5a
SRR14026483,#a6cee3,#e36951,#841e5a
SRR14026520,#33a02c,#e36951,#841e5a
ERR987608,#cab2d6,#a6cee3,#841e5a
SRR14024966,#33a02c,#e36951,#841e5a
SRR14024998,#33a02c,#e36951,#841e5a
SRR14026478,#a6cee3,#e36951,#841e5a
SRR14026452,#a6cee3,#e36951,#841e5a
SRR14026481,#1f78b4,#e36951,#841e5a
SRR14026490,#a6cee3,#e36951,#841e5a
ERR1036077,#cab2d6,#a6cee3,#841e5a
ERR1156291,#33a02c,#a6cee3,#841e5a
ERR1156295,#33a02c,#a6cee3,#841e5a
ERR1100635,#33a02c,#a6cee3,#841e5a
ERR1100591,#33a02c,#a6cee3,#841e5a
ERR1100638,#33a02c,#a6cee3,#841e5a
ERR1156303,#33a02c,#a6cee3,#841e5a
ERR1156293,#33a02c,#a6cee3,#841e5a
ERR1156290,#33a02c,#a6cee3,#841e5a
ERR1156299,#33a02c,#a6cee3,#841e5a
ERR1100599,#33a02c,#a6cee3,#841e5a
ERR1156294,#33a02c,#a6cee3,#841e5a
ERR1100534,#33a02c,#a6cee3,#841e5a
SRR14024981,#33a02c,#e36951,#841e5a
SRR14026484,#a6cee3,#e36951,#841e5a
SRR14024994,#33a02c,#e36951,#841e5a
ERR1156192,#33a02c,#a6cee3,#841e5a
ERR1156233,#33a02c,#a6cee3,#841e5a
SRR14026442,#1f78b4,#e36951,#841e5a
SRR14026456,#1f78b4,#e36951,#841e5a
ERR1100605,#33a02c,#a6cee3,#841e5a
ERR1100604,#33a02c,#a6cee3,#841e5a
ERR1156252,#33a02c,#a6cee3,#841e5a
ERR1156248,#33a02c,#a6cee3,#841e5a
ERR1156250,#33a02c,#a6cee3,#841e5a
ERR1156247,#33a02c,#a6cee3,#841e5a
ERR1156226,#33a02c,#a6cee3,#841e5a
ERR985077,#cab2d6,#a6cee3,#841e5a
SRR14024962,#33a02c,#e36951,#841e5a
SRR14026485,#1f78b4,#e36951,#841e5a
ERR1156199,#33a02c,#a6cee3,#841e5a
ERR1156273,#33a02c,#a6cee3,#841e5a
SRR14024970,#33a02c,#e36951,#841e5a
SRR14026496,#a6cee3,#e36951,#841e5a
SRR14026467,#a6cee3,#e36951,#841e5a
ERR1100578,#33a02c,#a6cee3,#841e5a
ERR987621,#cab2d6,#a6cee3,#841e5a
ERR987622,#cab2d6,#a6cee3,#841e5a
ERR1100559,#33a02c,#a6cee3,#841e5a
ERR1100588,#33a02c,#a6cee3,#841e5a
ERR1100596,#33a02c,#a6cee3,#841e5a
ERR1100598,#33a02c,#a6cee3,#841e5a
ERR1100594,#33a02c,#a6cee3,#841e5a
ERR1100592,#33a02c,#a6cee3,#841e5a
ERR1100636,#33a02c,#a6cee3,#841e5a
SRR14026480,#a6cee3,#e36951,#841e5a
SRR14026548,#e31a1c,#e36951,#841e5a
ERR1100528,#33a02c,#a6cee3,#841e5a
ERR1100606,#33a02c,#a6cee3,#841e5a
ERR1156253,#33a02c,#a6cee3,#841e5a
ERR1156266,#33a02c,#a6cee3,#841e5a
ERR1156265,#33a02c,#a6cee3,#841e5a
ERR1156274,#33a02c,#a6cee3,#841e5a
ERR987518,#cab2d6,#a6cee3,#841e5a
ERR987599,#cab2d6,#a6cee3,#841e5a
SRR14026533,#1f78b4,#e36951,#841e5a
ERR1156184,#33a02c,#a6cee3,#841e5a
SRR14022749,#cab2d6,#e36951,#841e5a
SRR14026508,#33a02c,#e36951,#841e5a
SRR14022751,#cab2d6,#e36951,#841e5a
ERR1156185,#33a02c,#a6cee3,#841e5a
ERR987552,#cab2d6,#a6cee3,#841e5a
SRR14024995,#33a02c,#e36951,#841e5a
SRR14026512,#1f78b4,#e36951,#841e5a
SRR14026513,#1f78b4,#e36951,#841e5a
SRR14026445,#a6cee3,#e36951,#841e5a
SRR14026472,#a6cee3,#e36951,#841e5a
ERR374956,#e31a1c,#a6cee3,#841e5a
ERR984979,#cab2d6,#a6cee3,#841e5a
ERR987506,#cab2d6,#a6cee3,#841e5a
ERR987581,#cab2d6,#a6cee3,#841e5a
ERR985105,#cab2d6,#a6cee3,#841e5a
ERR984973,#cab2d6,#a6cee3,#841e5a
ERR985134,#cab2d6,#a6cee3,#841e5a
SRR14022768,#cab2d6,#e36951,#841e5a
SRR14022777,#cab2d6,#e36951,#841e5a
SRR14026474,#a6cee3,#e36951,#841e5a
ERR1036041,#cab2d6,#a6cee3,#f6c19f
SRR14022780,#cab2d6,#e36951,#f6c19f
,black,black,white
SRR14026547,#e31a1c,#e36951,#f6c19f
ERR1069045,#cab2d6,#a6cee3,#f6c19f
SRR14022758,#cab2d6,#e36951,#f6c19f
SRR14026466,#1f78b4,#e36951,#f6c19f
SRR14026501,#a6cee3,#e36951,#f6c19f
ERR1100547,#33a02c,#a6cee3,#f6c19f
ERR1100527,#33a02c,#a6cee3,#f6c19f
SRR14022760,#cab2d6,#e36951,#f6c19f
ERR375176,#e31a1c,#a6cee3,#f6c19f
ERR375541,#e31a1c,#a6cee3,#f6c19f
SRR14026479,#1f78b4,#e36951,#f6c19f
ERR1100626,#33a02c,#a6cee3,#f6c19f
SRR14022743,#cab2d6,#e36951,#f6c19f
SRR14024949,#33a02c,#e36951,#f6c19f
SRR14024985,#33a02c,#e36951,#f6c19f
ERR987596,#cab2d6,#a6cee3,#f6c19f
ERR374785,#e31a1c,#a6cee3,#f6c19f
ERR987589,#cab2d6,#a6cee3,#f6c19f
ERR987633,#cab2d6,#a6cee3,#f6c19f
SRR14022765,#cab2d6,#e36951,#f6c19f
SRR14022756,#cab2d6,#e36951,#f6c19f
SRR14026443,#a6cee3,#e36951,#f6c19f
SRR14024952,#33a02c,#e36951,#f6c19f
SRR14026448,#a6cee3,#e36951,#f6c19f
SRR14026460,#a6cee3,#e36951,#f6c19f
SRR14024958,#33a02c,#e36951,#f6c19f
SRR14024973,#33a02c,#e36951,#f6c19f
SRR14026447,#a6cee3,#e36951,#f6c19f
ERR985114,#cab2d6,#a6cee3,#f6c19f
SRR14026454,#1f78b4,#e36951,#f6c19f
SRR14026489,#a6cee3,#e36951,#f6c19f
ERR1156191,#33a02c,#a6cee3,#f6c19f
SRR14024959,#33a02c,#e36951,#f6c19f
ERR984994,#cab2d6,#a6cee3,#f6c19f
ERR1156216,#33a02c,#a6cee3,#f6c19f
SRR14024991,#33a02c,#e36951,#f6c19f
SRR14026507,#1f78b4,#e36951,#f6c19f
SRR14026493,#1f78b4,#e36951,#f6c19f
SRR14022766,#cab2d6,#e36951,#f6c19f
SRR14026471,#a6cee3,#e36951,#f6c19f
SRR14024950,#33a02c,#e36951,#f6c19f
SRR14024988,#33a02c,#e36951,#f6c19f
SRR14025003,#33a02c,#e36951,#f6c19f
SRR14024979,#33a02c,#e36951,#f6c19f
SRR14026461,#1f78b4,#e36951,#f6c19f
SRR14024999,#33a02c,#e36951,#f6c19f
ERR1069047,#cab2d6,#a6cee3,#f6c19f
ERR985135,#cab2d6,#a6cee3,#f6c19f
SRR14022744,#cab2d6,#e36951,#f6c19f
SRR14022763,#cab2d6,#e36951,#f6c19f
SRR14022773,#cab2d6,#e36951,#f6c19f
SRR14026511,#e31a1c,#e36951,#f6c19f
ERR987636,#cab2d6,#a6cee3,#f6c19f
ERR1069048,#cab2d6,#a6cee3,#f6c19f
ERR985125,#cab2d6,#a6cee3,#f6c19f
ERR987500,#cab2d6,#a6cee3,#f6c19f
ERR375443,#e31a1c,#a6cee3,#f6c19f
SRR14026469,#a6cee3,#e36951,#f6c19f
SRR14022741,#cab2d6,#e36951,#f6c19f
ERR985004,#cab2d6,#a6cee3,#f6c19f
ERR374720,#e31a1c,#a6cee3,#f6c19f
SRR14022750,#cab2d6,#e36951,#f6c19f
ERR987603,#cab2d6,#a6cee3,#f6c19f
ERR987614,#cab2d6,#a6cee3,#f6c19f
SRR14026527,#e31a1c,#e36951,#f6c19f
SRR14026499,#1f78b4,#e36951,#f6c19f
ERR987569,#cab2d6,#a6cee3,#f6c19f
ERR987604,#cab2d6,#a6cee3,#f6c19f
SRR14022770,#cab2d6,#e36951,#f6c19f
SRR14022774,#cab2d6,#e36951,#f6c19f
SRR14022778,#cab2d6,#e36951,#f6c19f
ERR374872,#e31a1c,#a6cee3,#f6c19f
ERR985115,#cab2d6,#a6cee3,#f6c19f
ERR987609,#cab2d6,#a6cee3,#f6c19f
SRR14022735,#cab2d6,#e36951,#f6c19f
SRR14022762,#cab2d6,#e36951,#f6c19f
SRR14022759,#cab2d6,#e36951,#f6c19f
ERR1100551,#33a02c,#a6cee3,#f6c19f
SRR14026450,#a6cee3,#e36951,#f6c19f
SRR14026464,#1f78b4,#e36951,#f6c19f
SRR14026477,#a6cee3,#e36951,#f6c19f
SRR14026504,#a6cee3,#e36951,#f6c19f
SRR14024954,#33a02c,#e36951,#f6c19f
ERR1100614,#33a02c,#a6cee3,#f6c19f
ERR987561,#cab2d6,#a6cee3,#f6c19f
ERR987595,#cab2d6,#a6cee3,#f6c19f
SRR14022767,#cab2d6,#e36951,#f6c19f
SRR14026449,#1f78b4,#e36951,#f6c19f
SRR14026505,#1f78b4,#e36951,#f6c19f
SRR14026486,#a6cee3,#e36951,#f6c19f
SRR14026458,#1f78b4,#e36951,#f6c19f
SRR14026468,#1f78b4,#e36951,#f6c19f
ERR987635,#cab2d6,#a6cee3,#f6c19f
SRR14022753,#cab2d6,#e36951,#f6c19f
SRR14026498,#a6cee3,#e36951,#f6c19f
SRR14024956,#33a02c,#e36951,#f6c19f
SRR14024957,#33a02c,#e36951,#f6c19f
SRR14026451,#a6cee3,#e36951,#f6c19f
SRR14026455,#1f78b4,#e36951,#f6c19f
SRR14026494,#a6cee3,#e36951,#f6c19f
ERR987625,#cab2d6,#a6cee3,#f6c19f
SRR14022772,#cab2d6,#e36951,#f6c19f
ERR987632,#cab2d6,#a6cee3,#f6c19f
SRR14026524,#e31a1c,#e36951,#f6c19f
SRR14022775,#cab2d6,#e36951,#f6c19f
ERR375047,#e31a1c,#a6cee3,#f6c19f
ERR987525,#cab2d6,#a6cee3,#f6c19f
SRR14022783,#cab2d6,#e36951,#f6c19f
ERR375189,#e31a1c,#a6cee3,#f6c19f
ERR375567,#e31a1c,#a6cee3,#f6c19f
SRR14022739,#cab2d6,#e36951,#f6c19f
ERR987641,#cab2d6,#a6cee3,#f6c19f
SRR14022752,#cab2d6,#e36951,#f6c19f
ERR987501,#cab2d6,#a6cee3,#f6c19f
ERR987613,#cab2d6,#a6cee3,#f6c19f
SRR14022746,#cab2d6,#e36951,#f6c19f
SRR14022757,#cab2d6,#e36951,#f6c19f
SRR14022779,#cab2d6,#e36951,#f6c19f
SRR14022754,#cab2d6,#e36951,#f6c19f
SRR14026475,#1f78b4,#e36951,#f6c19f
SRR14026492,#a6cee3,#e36951,#f6c19f
SRR14026528,#33a02c,#e36951,#f6c19f
SRR14026541,#33a02c,#e36951,#f6c19f
SRR14026543,#33a02c,#e36951,#f6c19f
SRR14026473,#a6cee3,#e36951,#f6c19f
SRR14026482,#a6cee3,#e36951,#f6c19f
ERR985010,#cab2d6,#a6cee3,#f6c19f
ERR985087,#cab2d6,#a6cee3,#f6c19f
SRR14026509,#e31a1c,#e36951,#f6c19f
ERR985104,#cab2d6,#a6cee3,#f6c19f
SRR14026544,#e31a1c,#e36951,#f6c19f
ERR987517,#cab2d6,#a6cee3,#f6c19f
SRR14022781,#cab2d6,#e36951,#f6c19f
ERR987624,#cab2d6,#a6cee3,#f6c19f
SRR14022738,#cab2d6,#e36951,#f6c19f
SRR14026526,#e31a1c,#e36951,#f6c19f
ERR987558,#cab2d6,#a6cee3,#f6c19f
ERR375115,#e31a1c,#a6cee3,#f6c19f
SRR14026502,#1f78b4,#e36951,#f6c19f
ERR987647,#cab2d6,#a6cee3,#f6c19f
SRR14024964,#33a02c,#e36951,#f6c19f
SRR14024989,#33a02c,#e36951,#f6c19f
ERR987618,#cab2d6,#a6cee3,#f6c19f
ERR987588,#cab2d6,#a6cee3,#f6c19f
ERR987513,#cab2d6,#a6cee3,#841e5a
ERR375339,#e31a1c,#a6cee3,#841e5a
ERR985106,#cab2d6,#a6cee3,#841e5a
ERR375576,#e31a1c,#a6cee3,#841e5a
ERR987504,#cab2d6,#a6cee3,#841e5a
ERR987634,#cab2d6,#a6cee3,#841e5a
SRR14022737,#cab2d6,#e36951,#841e5a
ERR375580,#e31a1c,#a6cee3,#841e5a
ERR1156187,#33a02c,#a6cee3,#841e5a
ERR1156211,#33a02c,#a6cee3,#841e5a
ERR1156227,#33a02c,#a6cee3,#841e5a
ERR374726,#e31a1c,#a6cee3,#841e5a
ERR1156230,#33a02c,#a6cee3,#841e5a
ERR987554,#cab2d6,#a6cee3,#841e5a
ERR1156268,#33a02c,#a6cee3,#841e5a
ERR1156270,#33a02c,#a6cee3,#841e5a
ERR1156320,#33a02c,#a6cee3,#841e5a
ERR1156245,#33a02c,#a6cee3,#841e5a
ERR1156246,#33a02c,#a6cee3,#841e5a
ERR1156264,#33a02c,#a6cee3,#841e5a
ERR1156200,#33a02c,#a6cee3,#841e5a
ERR1156243,#33a02c,#a6cee3,#841e5a
ERR1156244,#33a02c,#a6cee3,#841e5a
ERR1156201,#33a02c,#a6cee3,#841e5a
ERR1156249,#33a02c,#a6cee3,#841e5a
ERR1156241,#33a02c,#a6cee3,#841e5a
ERR1156251,#33a02c,#a6cee3,#841e5a
ERR1100541,#33a02c,#a6cee3,#841e5a
ERR1100554,#33a02c,#a6cee3,#841e5a
ERR1156288,#33a02c,#a6cee3,#841e5a
ERR1100595,#33a02c,#a6cee3,#841e5a
ERR1100622,#33a02c,#a6cee3,#841e5a
ERR1100624,#33a02c,#a6cee3,#841e5a
ERR1100625,#33a02c,#a6cee3,#841e5a
ERR1100633,#33a02c,#a6cee3,#841e5a
ERR1100620,#33a02c,#a6cee3,#841e5a
ERR1100621,#33a02c,#a6cee3,#841e5a
ERR1100557,#33a02c,#a6cee3,#841e5a
ERR1100577,#33a02c,#a6cee3,#841e5a
ERR1100631,#33a02c,#a6cee3,#841e5a
ERR1100584,#33a02c,#a6cee3,#841e5a
ERR1100616,#33a02c,#a6cee3,#841e5a
ERR1100579,#33a02c,#a6cee3,#841e5a
ERR1156287,#33a02c,#a6cee3,#841e5a
ERR1216305,#33a02c,#a6cee3,#841e5a
ERR1100581,#33a02c,#a6cee3,#841e5a
ERR1156286,#33a02c,#a6cee3,#841e5a
ERR1100587,#33a02c,#a6cee3,#841e5a
ERR1100637,#33a02c,#a6cee3,#841e5a
ERR1100569,#33a02c,#a6cee3,#841e5a
ERR1100573,#33a02c,#a6cee3,#841e5a
ERR1156300,#33a02c,#a6cee3,#841e5a
ERR1156296,#33a02c,#a6cee3,#841e5a
ERR1156289,#33a02c,#a6cee3,#841e5a
ERR1100556,#33a02c,#a6cee3,#841e5a
ERR1100613,#33a02c,#a6cee3,#841e5a
ERR1036026,#cab2d6,#a6cee3,#841e5a
ERR984999,#cab2d6,#a6cee3,#841e5a
ERR1100601,#33a02c,#a6cee3,#841e5a
ERR987638,#cab2d6,#a6cee3,#841e5a
ERR1100603,#33a02c,#a6cee3,#841e5a
ERR1156189,#33a02c,#a6cee3,#841e5a
ERR1156217,#33a02c,#a6cee3,#841e5a
ERR1156236,#33a02c,#a6cee3,#841e5a
ERR1156267,#33a02c,#a6cee3,#841e5a
SRR14022740,#cab2d6,#e36951,#841e5a
SRR14022776,#cab2d6,#e36951,#841e5a
ERR1100529,#33a02c,#a6cee3,#841e5a
SRR14024975,#33a02c,#e36951,#841e5a
ERR1100565,#33a02c,#a6cee3,#841e5a
ERR1100630,#33a02c,#a6cee3,#841e5a
ERR1100632,#33a02c,#a6cee3,#841e5a
ERR1156304,#33a02c,#a6cee3,#841e5a
ERR985011,#cab2d6,#a6cee3,#841e5a
ERR1100572,#33a02c,#a6cee3,#841e5a
ERR1100552,#33a02c,#a6cee3,#841e5a
ERR1100562,#33a02c,#a6cee3,#841e5a
ERR1156305,#33a02c,#a6cee3,#841e5a
ERR1100563,#33a02c,#a6cee3,#841e5a
ERR1156301,#33a02c,#a6cee3,#841e5a
ERR1156309,#33a02c,#a6cee3,#841e5a
ERR1156310,#33a02c,#a6cee3,#841e5a
ERR1156311,#33a02c,#a6cee3,#841e5a
ERR1156269,#33a02c,#a6cee3,#841e5a
ERR1156313,#33a02c,#a6cee3,#841e5a
ERR1216304,#33a02c,#a6cee3,#841e5a
ERR1100585,#33a02c,#a6cee3,#841e5a
ERR1156318,#33a02c,#a6cee3,#841e5a
